amfi_code,stock_symbol,stock_name,sector,weight_pct,market_value_cr,current_price_inr,portfolio_date,weight_pct_normalised
100016,WIPRO,Wipro Ltd,IT,25.9,552.43,579.31,2025-12-31,25.9
100016,MARUTI,Maruti Suzuki India Ltd,Automobile,14.84,486.21,5808.83,2025-12-31,14.84
100016,HINDUNILVR,Hindustan Unilever Ltd,FMCG,11.68,1590.03,2555.06,2025-12-31,11.68
100016,SUNPHARMA,Sun Pharmaceutical Industries,Pharma,11.53,398.6,2074.55,2025-12-31,11.53
100016,DRREDDY,Dr. Reddy's Laboratories,Pharma,9.03,452.67,2212.6,2025-12-31,9.03
100016,BAJFINANCE,Bajaj Finance Ltd,NBFC,7.01,214.89,592.41,2025-12-31,7.01
100016,RELIANCE,Reliance Industries Ltd,Energy,6.09,327.86,6859.37,2025-12-31,6.09
100016,NTPC,NTPC Ltd,Utilities,5.61,1102.98,6325.9,2025-12-31,5.61
100016,CIPLA,Cipla Ltd,Pharma,4.92,1325.34,4188.12,2025-12-31,4.92
100016,ICICIBANK,ICICI Bank Ltd,Banking,3.39,169.92,4888.66,2025-12-31,3.39
100033,M&M,Mahindra & Mahindra Ltd,Automobile,26.07,511.03,3852.87,2025-12-31,26.07
100033,AXISBANK,Axis Bank Ltd,Banking,18.21,1815.93,7431.94,2025-12-31,18.21
100033,SBIN,State Bank of India,Banking,10.29,235.31,3644.77,2025-12-31,10.29
100033,BAJFINANCE,Bajaj Finance Ltd,NBFC,9.86,419.76,2737.28,2025-12-31,9.86
100033,POWERGRID,Power Grid Corporation,Utilities,8.59,569.08,5010.14,2025-12-31,8.59
100033,LT,Larsen & Toubro Ltd,Infrastructure,7.47,1289.6,7294.22,2025-12-31,7.47
100033,ICICIBANK,ICICI Bank Ltd,Banking,7.47,786.14,6616.01,2025-12-31,7.47
100033,BHARTIARTL,Bharti Airtel Ltd,Telecom,7.38,1247.79,3725.91,2025-12-31,7.38
100033,INFY,Infosys Ltd,IT,4.66,708.39,7817.51,2025-12-31,4.66
101206,M&M,Mahindra & Mahindra Ltd,Automobile,19.02,1706.47,3295.1,2025-12-31,19.0181
101206,AXISBANK,Axis Bank Ltd,Banking,18.86,487.84,6609.49,2025-12-31,18.8581
101206,LT,Larsen & Toubro Ltd,Infrastructure,14.91,282.61,4680.8,2025-12-31,14.9085
101206,RELIANCE,Reliance Industries Ltd,Energy,10.11,1665.13,6272.04,2025-12-31,10.109
101206,POWERGRID,Power Grid Corporation,Utilities,9.9,1436.08,6762.78,2025-12-31,9.899
101206,CIPLA,Cipla Ltd,Pharma,6.25,172.92,5588.68,2025-12-31,6.2494
101206,INDUSINDBK,IndusInd Bank Ltd,Banking,6.23,1473.28,1335.09,2025-12-31,6.2294
101206,MARUTI,Maruti Suzuki India Ltd,Automobile,5.99,1436.34,4697.14,2025-12-31,5.9894
101206,BHARTIARTL,Bharti Airtel Ltd,Telecom,5.2,504.86,854.49,2025-12-31,5.1995
101206,SUNPHARMA,Sun Pharmaceutical Industries,Pharma,3.54,519.75,5034.91,2025-12-31,3.5396
101207,SUNPHARMA,Sun Pharmaceutical Industries,Pharma,35.07,285.75,5455.74,2025-12-31,35.0735
101207,ADANIPORT,Adani Ports & SEZ Ltd,Infrastructure,19.26,1295.94,1039.64,2025-12-31,19.2619
101207,M&M,Mahindra & Mahindra Ltd,Automobile,12.01,1615.91,2852.68,2025-12-31,12.0112
101207,ULTRACEMCO,UltraTech Cement Ltd,Cement,10.31,1486.25,364.82,2025-12-31,10.311
101207,RELIANCE,Reliance Industries Ltd,Energy,8.1,939.21,7103.06,2025-12-31,8.1008
101207,HCLTECH,HCL Technologies Ltd,IT,7.7,125.97,7023.37,2025-12-31,7.7008
101207,TATAMOTOR,Tata Motors Ltd,Automobile,4.84,623.33,2445.29,2025-12-31,4.8405
101207,LT,Larsen & Toubro Ltd,Infrastructure,2.7,74.35,4843.16,2025-12-31,2.7003
102885,NTPC,NTPC Ltd,Utilities,28.95,994.9,4140.59,2025-12-31,28.95
102885,INDUSINDBK,IndusInd Bank Ltd,Banking,21.75,112.98,5206.32,2025-12-31,21.75
102885,MARUTI,Maruti Suzuki India Ltd,Automobile,14.32,289.91,4924.89,2025-12-31,14.32
102885,GRASIM,Grasim Industries Ltd,Diversified,7.59,1873.94,2243.25,2025-12-31,7.59
102885,HCLTECH,HCL Technologies Ltd,IT,7.11,300.72,6989.33,2025-12-31,7.11
102885,SUNPHARMA,Sun Pharmaceutical Industries,Pharma,7.05,1831.03,5143.85,2025-12-31,7.05
102885,ADANIPORT,Adani Ports & SEZ Ltd,Infrastructure,6.59,686.86,5523.71,2025-12-31,6.59
102885,NESTLEIND,Nestle India Ltd,FMCG,5.26,60.84,437.69,2025-12-31,5.26
102885,KOTAKBANK,Kotak Mahindra Bank,Banking,1.38,1157.83,1089.14,2025-12-31,1.38
102886,TITAN,Titan Company Ltd,Consumer Goods,18.99,1797.48,4089.04,2025-12-31,18.9938
102886,TATAMOTOR,Tata Motors Ltd,Automobile,14.13,1899.26,7301.8,2025-12-31,14.1328
102886,ASIANPAINT,Asian Paints Ltd,Paints,12.56,1621.24,438.37,2025-12-31,12.5625
102886,INFY,Infosys Ltd,IT,12.23,1519.3,5784.12,2025-12-31,12.2324
102886,NESTLEIND,Nestle India Ltd,FMCG,8.39,214.19,1841.42,2025-12-31,8.3917
102886,NTPC,NTPC Ltd,Utilities,7.45,674.08,2946.22,2025-12-31,7.4515
102886,RELIANCE,Reliance Industries Ltd,Energy,7.29,1332.3,2766.01,2025-12-31,7.2915
102886,POWERGRID,Power Grid Corporation,Utilities,6.26,109.7,5666.75,2025-12-31,6.2613
102886,LT,Larsen & Toubro Ltd,Infrastructure,5.69,361.01,6161.34,2025-12-31,5.6911
102886,CIPLA,Cipla Ltd,Pharma,4.96,1559.12,3495.4,2025-12-31,4.961
102886,BHARTIARTL,Bharti Airtel Ltd,Telecom,2.03,432.92,734.47,2025-12-31,2.0304
102887,CIPLA,Cipla Ltd,Pharma,19.73,1599.0,2093.34,2025-12-31,19.728
102887,DRREDDY,Dr. Reddy's Laboratories,Pharma,19.31,1051.37,438.41,2025-12-31,19.3081
102887,GRASIM,Grasim Industries Ltd,Diversified,12.16,396.63,7059.58,2025-12-31,12.1588
102887,KOTAKBANK,Kotak Mahindra Bank,Banking,10.95,1635.39,4619.66,2025-12-31,10.9489
102887,INFY,Infosys Ltd,IT,10.14,512.93,3567.17,2025-12-31,10.139
102887,SBIN,State Bank of India,Banking,8.37,1660.53,768.79,2025-12-31,8.3692
102887,HDFCBANK,HDFC Bank Ltd,Banking,5.85,436.89,3243.62,2025-12-31,5.8494
102887,M&M,Mahindra & Mahindra Ltd,Automobile,4.77,1593.15,7144.77,2025-12-31,4.7695
102887,MARUTI,Maruti Suzuki India Ltd,Automobile,4.66,1455.73,4842.0,2025-12-31,4.6595
102887,ADANIPORT,Adani Ports & SEZ Ltd,Infrastructure,4.07,1193.53,3304.74,2025-12-31,4.0696
118632,BHARTIARTL,Bharti Airtel Ltd,Telecom,30.44,1574.52,6271.17,2025-12-31,30.4339
118632,NESTLEIND,Nestle India Ltd,FMCG,13.33,857.97,1607.57,2025-12-31,13.3273
118632,SUNPHARMA,Sun Pharmaceutical Industries,Pharma,12.5,1293.86,5022.73,2025-12-31,12.4975
118632,GRASIM,Grasim Industries Ltd,Diversified,11.98,599.35,7649.77,2025-12-31,11.9776
118632,ICICIBANK,ICICI Bank Ltd,Banking,10.91,725.38,4476.73,2025-12-31,10.9078
118632,DIVISLAB,Divi's Laboratories,Pharma,9.85,1069.59,7863.69,2025-12-31,9.848
118632,HDFCBANK,HDFC Bank Ltd,Banking,6.57,1774.48,398.27,2025-12-31,6.5687
118632,ADANIPORT,Adani Ports & SEZ Ltd,Infrastructure,4.44,719.2,2224.5,2025-12-31,4.4391
118633,AXISBANK,Axis Bank Ltd,Banking,20.73,1703.38,6184.87,2025-12-31,20.73
118633,WIPRO,Wipro Ltd,IT,14.41,681.49,1451.32,2025-12-31,14.41
118633,TITAN,Titan Company Ltd,Consumer Goods,12.43,1593.88,3276.69,2025-12-31,12.43
118633,HCLTECH,HCL Technologies Ltd,IT,11.14,1999.5,2556.23,2025-12-31,11.14
118633,DIVISLAB,Divi's Laboratories,Pharma,10.94,863.48,2546.04,2025-12-31,10.94
118633,BAJFINANCE,Bajaj Finance Ltd,NBFC,9.38,442.46,920.38,2025-12-31,9.38
118633,INDUSINDBK,IndusInd Bank Ltd,Banking,5.4,501.53,3746.36,2025-12-31,5.4
118633,KOTAKBANK,Kotak Mahindra Bank,Banking,4.59,1071.93,5455.62,2025-12-31,4.59
118633,HINDUNILVR,Hindustan Unilever Ltd,FMCG,4.25,550.74,317.36,2025-12-31,4.25
118633,HDFCBANK,HDFC Bank Ltd,Banking,3.46,1623.67,4895.39,2025-12-31,3.46
118633,M&M,Mahindra & Mahindra Ltd,Automobile,3.27,755.82,2168.75,2025-12-31,3.27
118634,NESTLEIND,Nestle India Ltd,FMCG,13.59,1354.21,7435.21,2025-12-31,13.59
118634,WIPRO,Wipro Ltd,IT,12.32,962.56,3849.96,2025-12-31,12.32
118634,TITAN,Titan Company Ltd,Consumer Goods,12.26,1344.96,4192.5,2025-12-31,12.26
118634,AXISBANK,Axis Bank Ltd,Banking,11.75,1855.52,5167.42,2025-12-31,11.75
118634,HINDUNILVR,Hindustan Unilever Ltd,FMCG,11.64,64.71,7810.17,2025-12-31,11.64
118634,ADANIPORT,Adani Ports & SEZ Ltd,Infrastructure,9.9,538.23,3625.67,2025-12-31,9.9
118634,ULTRACEMCO,UltraTech Cement Ltd,Cement,8.68,784.14,1362.25,2025-12-31,8.68
118634,INDUSINDBK,IndusInd Bank Ltd,Banking,8.64,919.11,1123.63,2025-12-31,8.64
118634,MARUTI,Maruti Suzuki India Ltd,Automobile,8.09,418.49,1132.14,2025-12-31,8.09
118634,BHARTIARTL,Bharti Airtel Ltd,Telecom,3.13,1508.16,7745.28,2025-12-31,3.13
118635,SBIN,State Bank of India,Banking,17.85,1142.64,1403.66,2025-12-31,17.8518
118635,TCS,Tata Consultancy Services,IT,15.83,740.95,6309.28,2025-12-31,15.8316
118635,ASIANPAINT,Asian Paints Ltd,Paints,14.28,1471.49,1563.4,2025-12-31,14.2814
118635,ULTRACEMCO,UltraTech Cement Ltd,Cement,14.01,925.24,3562.88,2025-12-31,14.0114
118635,HCLTECH,HCL Technologies Ltd,IT,13.45,1306.84,7309.59,2025-12-31,13.4513
118635,WIPRO,Wipro Ltd,IT,10.07,1410.83,3004.71,2025-12-31,10.071
118635,BAJFINANCE,Bajaj Finance Ltd,NBFC,8.39,1806.09,5326.12,2025-12-31,8.3908
118635,TITAN,Titan Company Ltd,Consumer Goods,6.11,378.83,7044.44,2025-12-31,6.1106
119092,INFY,Infosys Ltd,IT,38.18,1254.8,3939.8,2025-12-31,38.1838
119092,HINDUNILVR,Hindustan Unilever Ltd,FMCG,15.87,1290.15,2020.0,2025-12-31,15.8716
119092,ICICIBANK,ICICI Bank Ltd,Banking,10.79,886.68,5998.85,2025-12-31,10.7911
119092,HCLTECH,HCL Technologies Ltd,IT,10.51,1205.58,300.95,2025-12-31,10.5111
119092,DIVISLAB,Divi's Laboratories,Pharma,8.1,501.88,3725.98,2025-12-31,8.1008
119092,NTPC,NTPC Ltd,Utilities,4.49,1150.86,1288.77,2025-12-31,4.4904
119092,LT,Larsen & Toubro Ltd,Infrastructure,4.24,1507.25,4031.77,2025-12-31,4.2404
119092,ADANIPORT,Adani Ports & SEZ Ltd,Infrastructure,3.55,1203.07,1713.52,2025-12-31,3.5504
119092,KOTAKBANK,Kotak Mahindra Bank,Banking,3.27,98.07,2259.4,2025-12-31,3.2703
119092,GRASIM,Grasim Industries Ltd,Diversified,0.99,1860.16,3418.45,2025-12-31,0.9901
119093,BAJFINANCE,Bajaj Finance Ltd,NBFC,20.22,622.91,489.5,2025-12-31,20.22
119093,HCLTECH,HCL Technologies Ltd,IT,16.39,257.93,5191.92,2025-12-31,16.39
119093,SBIN,State Bank of India,Banking,14.79,1790.66,6968.5,2025-12-31,14.79
119093,LT,Larsen & Toubro Ltd,Infrastructure,10.68,1798.71,1324.49,2025-12-31,10.68
119093,DIVISLAB,Divi's Laboratories,Pharma,10.52,1393.54,2861.09,2025-12-31,10.52
119093,WIPRO,Wipro Ltd,IT,10.28,483.92,1252.99,2025-12-31,10.28
119093,AXISBANK,Axis Bank Ltd,Banking,6.64,351.2,6889.63,2025-12-31,6.64
119093,BHARTIARTL,Bharti Airtel Ltd,Telecom,4.36,827.15,3058.71,2025-12-31,4.36
119093,ASIANPAINT,Asian Paints Ltd,Paints,3.55,600.22,7652.31,2025-12-31,3.55
119093,MARUTI,Maruti Suzuki India Ltd,Automobile,2.57,342.31,812.36,2025-12-31,2.57
119094,HINDUNILVR,Hindustan Unilever Ltd,FMCG,23.17,252.39,396.01,2025-12-31,23.1677
119094,MARUTI,Maruti Suzuki India Ltd,Automobile,14.67,316.62,5747.11,2025-12-31,14.6685
119094,ASIANPAINT,Asian Paints Ltd,Paints,13.67,800.06,3809.11,2025-12-31,13.6686
119094,SUNPHARMA,Sun Pharmaceutical Industries,Pharma,11.0,1619.58,6315.88,2025-12-31,10.9989
119094,HDFCBANK,HDFC Bank Ltd,Banking,10.59,1966.9,5933.86,2025-12-31,10.5889
119094,ADANIPORT,Adani Ports & SEZ Ltd,Infrastructure,7.97,1508.82,7454.9,2025-12-31,7.9692
119094,SBIN,State Bank of India,Banking,7.59,1133.74,3188.56,2025-12-31,7.5892
119094,CIPLA,Cipla Ltd,Pharma,7.47,1148.78,6033.63,2025-12-31,7.4693
119094,LT,Larsen & Toubro Ltd,Infrastructure,3.88,1400.9,5764.34,2025-12-31,3.8796
119095,HINDUNILVR,Hindustan Unilever Ltd,FMCG,17.8,1897.51,5641.17,2025-12-31,17.8018
119095,ADANIPORT,Adani Ports & SEZ Ltd,Infrastructure,16.75,240.66,1689.13,2025-12-31,16.7517
119095,WIPRO,Wipro Ltd,IT,10.69,1606.74,4843.32,2025-12-31,10.6911
119095,ULTRACEMCO,UltraTech Cement Ltd,Cement,7.98,587.38,1128.83,2025-12-31,7.9808
119095,M&M,Mahindra & Mahindra Ltd,Automobile,7.76,1468.69,5378.47,2025-12-31,7.7608
119095,TATAMOTOR,Tata Motors Ltd,Automobile,7.7,329.49,2449.17,2025-12-31,7.7008
119095,INFY,Infosys Ltd,IT,7.67,68.79,5423.86,2025-12-31,7.6708
119095,BHARTIARTL,Bharti Airtel Ltd,Telecom,7.07,215.32,5510.02,2025-12-31,7.0707
119095,POWERGRID,Power Grid Corporation,Utilities,5.91,1132.46,1972.37,2025-12-31,5.9106
119095,TCS,Tata Consultancy Services,IT,5.89,1038.06,269.84,2025-12-31,5.8906
119095,AXISBANK,Axis Bank Ltd,Banking,4.77,1618.05,459.87,2025-12-31,4.7705
119551,HCLTECH,HCL Technologies Ltd,IT,18.22,177.35,6024.13,2025-12-31,18.22
119551,BHARTIARTL,Bharti Airtel Ltd,Telecom,13.94,452.19,5013.45,2025-12-31,13.94
119551,POWERGRID,Power Grid Corporation,Utilities,13.85,737.09,6011.08,2025-12-31,13.85
119551,HDFCBANK,HDFC Bank Ltd,Banking,11.19,88.97,1074.65,2025-12-31,11.19
119551,ASIANPAINT,Asian Paints Ltd,Paints,10.25,725.9,1321.45,2025-12-31,10.25
119551,GRASIM,Grasim Industries Ltd,Diversified,9.9,208.45,5964.59,2025-12-31,9.9
119551,NTPC,NTPC Ltd,Utilities,7.48,897.7,2913.66,2025-12-31,7.48
119551,MARUTI,Maruti Suzuki India Ltd,Automobile,7.2,1982.33,5461.85,2025-12-31,7.2
119551,DRREDDY,Dr. Reddy's Laboratories,Pharma,4.76,161.32,3748.82,2025-12-31,4.76
119551,DIVISLAB,Divi's Laboratories,Pharma,3.21,286.44,3964.01,2025-12-31,3.21
119552,TATAMOTOR,Tata Motors Ltd,Automobile,17.88,484.41,4065.77,2025-12-31,17.8782
119552,MARUTI,Maruti Suzuki India Ltd,Automobile,14.6,1142.07,7620.26,2025-12-31,14.5985
119552,INFY,Infosys Ltd,IT,10.55,316.08,7088.71,2025-12-31,10.5489
119552,CIPLA,Cipla Ltd,Pharma,10.44,1019.41,7934.38,2025-12-31,10.439
119552,ICICIBANK,ICICI Bank Ltd,Banking,10.19,1006.69,4142.59,2025-12-31,10.189
119552,DIVISLAB,Divi's Laboratories,Pharma,7.39,208.3,1889.75,2025-12-31,7.3893
119552,DRREDDY,Dr. Reddy's Laboratories,Pharma,6.25,316.84,5910.04,2025-12-31,6.2494
119552,SUNPHARMA,Sun Pharmaceutical Industries,Pharma,6.14,1136.79,6386.95,2025-12-31,6.1394
119552,BAJFINANCE,Bajaj Finance Ltd,NBFC,5.86,1103.07,2693.54,2025-12-31,5.8594
119552,POWERGRID,Power Grid Corporation,Utilities,5.52,669.58,3434.04,2025-12-31,5.5194
119552,ULTRACEMCO,UltraTech Cement Ltd,Cement,5.19,780.54,927.58,2025-12-31,5.1895
119598,RELIANCE,Reliance Industries Ltd,Energy,16.5,321.12,315.19,2025-12-31,16.5017
119598,INFY,Infosys Ltd,IT,15.16,1210.68,7724.16,2025-12-31,15.1615
119598,WIPRO,Wipro Ltd,IT,13.66,869.0,3504.41,2025-12-31,13.6614
119598,AXISBANK,Axis Bank Ltd,Banking,10.96,1665.15,2235.83,2025-12-31,10.9611
119598,M&M,Mahindra & Mahindra Ltd,Automobile,8.18,1492.26,660.82,2025-12-31,8.1808
119598,POWERGRID,Power Grid Corporation,Utilities,7.19,751.31,1707.64,2025-12-31,7.1907
119598,GRASIM,Grasim Industries Ltd,Diversified,7.14,132.34,4515.26,2025-12-31,7.1407
119598,NTPC,NTPC Ltd,Utilities,5.59,1927.98,7369.33,2025-12-31,5.5906
119598,ULTRACEMCO,UltraTech Cement Ltd,Cement,5.32,1392.64,7901.22,2025-12-31,5.3205
119598,TATAMOTOR,Tata Motors Ltd,Automobile,3.71,1751.14,5299.51,2025-12-31,3.7104
119598,KOTAKBANK,Kotak Mahindra Bank,Banking,3.56,682.95,2504.73,2025-12-31,3.5604
119598,TCS,Tata Consultancy Services,IT,3.02,988.24,2581.1,2025-12-31,3.0203
119599,GRASIM,Grasim Industries Ltd,Diversified,28.25,1461.32,1872.83,2025-12-31,28.25
119599,ICICIBANK,ICICI Bank Ltd,Banking,18.56,1254.17,3482.69,2025-12-31,18.56
119599,INDUSINDBK,IndusInd Bank Ltd,Banking,15.52,825.04,5180.82,2025-12-31,15.52
119599,RELIANCE,Reliance Industries Ltd,Energy,13.47,1487.95,4137.4,2025-12-31,13.47
119599,TITAN,Titan Company Ltd,Consumer Goods,10.69,1644.24,7387.94,2025-12-31,10.69
119599,TATAMOTOR,Tata Motors Ltd,Automobile,6.74,926.23,7738.2,2025-12-31,6.74
119599,HINDUNILVR,Hindustan Unilever Ltd,FMCG,3.53,1123.22,5235.31,2025-12-31,3.53
119599,DRREDDY,Dr. Reddy's Laboratories,Pharma,3.24,1716.42,1982.11,2025-12-31,3.24
120503,NESTLEIND,Nestle India Ltd,FMCG,20.69,1320.03,5881.86,2025-12-31,20.69
120503,TITAN,Titan Company Ltd,Consumer Goods,15.92,723.14,4111.6,2025-12-31,15.92
120503,GRASIM,Grasim Industries Ltd,Diversified,15.87,994.44,897.71,2025-12-31,15.87
120503,BHARTIARTL,Bharti Airtel Ltd,Telecom,12.38,1672.96,4357.85,2025-12-31,12.38
120503,M&M,Mahindra & Mahindra Ltd,Automobile,10.22,1840.52,3918.12,2025-12-31,10.22
120503,HINDUNILVR,Hindustan Unilever Ltd,FMCG,9.98,1137.55,5673.15,2025-12-31,9.98
120503,RELIANCE,Reliance Industries Ltd,Energy,9.26,1189.39,643.27,2025-12-31,9.26
120503,INFY,Infosys Ltd,IT,5.68,746.26,7776.51,2025-12-31,5.68
120504,POWERGRID,Power Grid Corporation,Utilities,17.37,1715.09,4875.9,2025-12-31,17.3683
120504,KOTAKBANK,Kotak Mahindra Bank,Banking,14.52,1784.84,6042.94,2025-12-31,14.5185
120504,AXISBANK,Axis Bank Ltd,Banking,13.17,1179.97,3761.76,2025-12-31,13.1687
120504,BAJFINANCE,Bajaj Finance Ltd,NBFC,9.17,168.11,246.78,2025-12-31,9.1691
120504,NTPC,NTPC Ltd,Utilities,8.76,675.97,2243.21,2025-12-31,8.7591
120504,ICICIBANK,ICICI Bank Ltd,Banking,7.92,1664.45,4329.15,2025-12-31,7.9192
120504,ADANIPORT,Adani Ports & SEZ Ltd,Infrastructure,7.15,1433.51,3674.34,2025-12-31,7.1493
120504,ULTRACEMCO,UltraTech Cement Ltd,Cement,7.07,1236.71,1131.45,2025-12-31,7.0693
120504,BHARTIARTL,Bharti Airtel Ltd,Telecom,5.92,1250.03,5095.49,2025-12-31,5.9194
120504,TATAMOTOR,Tata Motors Ltd,Automobile,5.15,723.84,1687.26,2025-12-31,5.1495
120504,NESTLEIND,Nestle India Ltd,FMCG,3.81,1011.98,5761.32,2025-12-31,3.8096
120505,SUNPHARMA,Sun Pharmaceutical Industries,Pharma,23.46,598.91,6868.09,2025-12-31,23.4553
120505,TATAMOTOR,Tata Motors Ltd,Automobile,17.66,1067.82,6627.79,2025-12-31,17.6565
120505,CIPLA,Cipla Ltd,Pharma,17.29,55.74,3002.79,2025-12-31,17.2865
120505,NTPC,NTPC Ltd,Utilities,15.41,1542.02,3231.58,2025-12-31,15.4069
120505,KOTAKBANK,Kotak Mahindra Bank,Banking,8.0,419.93,1215.8,2025-12-31,7.9984
120505,ADANIPORT,Adani Ports & SEZ Ltd,Infrastructure,7.25,312.23,520.75,2025-12-31,7.2486
120505,ASIANPAINT,Asian Paints Ltd,Paints,5.99,286.97,5145.8,2025-12-31,5.9888
120505,NESTLEIND,Nestle India Ltd,FMCG,4.96,585.69,5061.02,2025-12-31,4.959
120506,KOTAKBANK,Kotak Mahindra Bank,Banking,21.47,1709.46,1499.37,2025-12-31,21.4657
120506,LT,Larsen & Toubro Ltd,Infrastructure,20.94,1413.66,4390.56,2025-12-31,20.9358
120506,ULTRACEMCO,UltraTech Cement Ltd,Cement,18.4,844.83,1002.08,2025-12-31,18.3963
120506,ADANIPORT,Adani Ports & SEZ Ltd,Infrastructure,9.39,1123.73,5520.27,2025-12-31,9.3881
120506,ICICIBANK,ICICI Bank Ltd,Banking,8.93,274.26,4061.08,2025-12-31,8.9282
120506,BAJFINANCE,Bajaj Finance Ltd,NBFC,7.84,1369.31,4557.66,2025-12-31,7.8384
120506,HINDUNILVR,Hindustan Unilever Ltd,FMCG,6.98,1436.98,7015.53,2025-12-31,6.9786
120506,HCLTECH,HCL Technologies Ltd,IT,4.34,1142.6,5665.46,2025-12-31,4.3391
120506,RELIANCE,Reliance Industries Ltd,Energy,1.73,551.04,2246.21,2025-12-31,1.7297
120841,INDUSINDBK,IndusInd Bank Ltd,Banking,22.44,1315.89,4881.46,2025-12-31,22.4378
120841,DIVISLAB,Divi's Laboratories,Pharma,20.34,1740.32,1130.72,2025-12-31,20.338
120841,NTPC,NTPC Ltd,Utilities,18.4,1521.12,3894.14,2025-12-31,18.3982
120841,RELIANCE,Reliance Industries Ltd,Energy,9.48,1903.14,5923.09,2025-12-31,9.4791
120841,DRREDDY,Dr. Reddy's Laboratories,Pharma,7.12,1874.06,6342.27,2025-12-31,7.1193
120841,POWERGRID,Power Grid Corporation,Utilities,5.39,1416.64,3952.67,2025-12-31,5.3895
120841,NESTLEIND,Nestle India Ltd,FMCG,4.74,1070.67,6351.14,2025-12-31,4.7395
120841,TATAMOTOR,Tata Motors Ltd,Automobile,4.27,1455.31,5157.09,2025-12-31,4.2696
120841,GRASIM,Grasim Industries Ltd,Diversified,3.95,948.58,7250.24,2025-12-31,3.9496
120841,SBIN,State Bank of India,Banking,3.88,418.09,6173.2,2025-12-31,3.8796
120842,TATAMOTOR,Tata Motors Ltd,Automobile,19.5,1157.32,5915.73,2025-12-31,19.502
120842,AXISBANK,Axis Bank Ltd,Banking,18.15,1100.59,2348.89,2025-12-31,18.1518
120842,HINDUNILVR,Hindustan Unilever Ltd,FMCG,13.09,1753.06,4666.99,2025-12-31,13.0913
120842,BAJFINANCE,Bajaj Finance Ltd,NBFC,11.62,776.8,883.52,2025-12-31,11.6212
120842,HCLTECH,HCL Technologies Ltd,IT,8.98,1247.9,616.92,2025-12-31,8.9809
120842,GRASIM,Grasim Industries Ltd,Diversified,7.27,686.57,4794.76,2025-12-31,7.2707
120842,M&M,Mahindra & Mahindra Ltd,Automobile,7.16,1561.91,2078.2,2025-12-31,7.1607
120842,ASIANPAINT,Asian Paints Ltd,Paints,6.77,1444.86,3083.92,2025-12-31,6.7707
120842,WIPRO,Wipro Ltd,IT,3.73,1199.27,5242.17,2025-12-31,3.7304
120842,DIVISLAB,Divi's Laboratories,Pharma,3.72,383.65,7603.38,2025-12-31,3.7204
120843,NTPC,NTPC Ltd,Utilities,19.94,1082.39,5570.96,2025-12-31,19.94
120843,NESTLEIND,Nestle India Ltd,FMCG,16.74,1553.91,6596.12,2025-12-31,16.74
120843,GRASIM,Grasim Industries Ltd,Diversified,15.39,1534.27,5130.67,2025-12-31,15.39
120843,BHARTIARTL,Bharti Airtel Ltd,Telecom,9.96,1051.97,5621.65,2025-12-31,9.96
120843,TATAMOTOR,Tata Motors Ltd,Automobile,9.59,937.82,6523.7,2025-12-31,9.59
120843,AXISBANK,Axis Bank Ltd,Banking,8.66,1091.16,4347.82,2025-12-31,8.66
120843,INFY,Infosys Ltd,IT,6.43,1827.52,6429.58,2025-12-31,6.43
120843,WIPRO,Wipro Ltd,IT,5.85,208.7,3745.54,2025-12-31,5.85
120843,ASIANPAINT,Asian Paints Ltd,Paints,4.89,1039.97,5342.74,2025-12-31,4.89
120843,SUNPHARMA,Sun Pharmaceutical Industries,Pharma,2.55,803.14,5215.02,2025-12-31,2.55
125497,GRASIM,Grasim Industries Ltd,Diversified,19.04,817.9,1083.31,2025-12-31,19.04
125497,INFY,Infosys Ltd,IT,14.89,1542.92,7905.86,2025-12-31,14.89
125497,NTPC,NTPC Ltd,Utilities,14.65,985.86,341.2,2025-12-31,14.65
125497,TITAN,Titan Company Ltd,Consumer Goods,12.53,422.11,2280.96,2025-12-31,12.53
125497,WIPRO,Wipro Ltd,IT,12.03,1652.67,1030.72,2025-12-31,12.03
125497,NESTLEIND,Nestle India Ltd,FMCG,11.81,127.73,1212.79,2025-12-31,11.81
125497,BAJFINANCE,Bajaj Finance Ltd,NBFC,10.03,115.8,7583.81,2025-12-31,10.03
125497,ULTRACEMCO,UltraTech Cement Ltd,Cement,5.02,1316.71,4748.8,2025-12-31,5.02
125498,HDFCBANK,HDFC Bank Ltd,Banking,22.83,1274.05,3962.89,2025-12-31,22.83
125498,TITAN,Titan Company Ltd,Consumer Goods,20.91,1577.15,7496.9,2025-12-31,20.91
125498,HCLTECH,HCL Technologies Ltd,IT,14.53,960.23,5902.74,2025-12-31,14.53
125498,SBIN,State Bank of India,Banking,9.4,390.87,4339.96,2025-12-31,9.4
125498,LT,Larsen & Toubro Ltd,Infrastructure,9.17,1748.94,7328.02,2025-12-31,9.17
125498,ICICIBANK,ICICI Bank Ltd,Banking,8.97,564.07,2425.12,2025-12-31,8.97
125498,HINDUNILVR,Hindustan Unilever Ltd,FMCG,7.8,1897.59,6636.11,2025-12-31,7.8
125498,MARUTI,Maruti Suzuki India Ltd,Automobile,6.39,448.66,3097.29,2025-12-31,6.39
148567,GRASIM,Grasim Industries Ltd,Diversified,22.93,1076.44,247.69,2025-12-31,22.9323
148567,ASIANPAINT,Asian Paints Ltd,Paints,12.63,1916.78,4502.46,2025-12-31,12.6313
148567,HCLTECH,HCL Technologies Ltd,IT,12.18,1190.21,536.81,2025-12-31,12.1812
148567,ICICIBANK,ICICI Bank Ltd,Banking,11.51,483.68,6617.15,2025-12-31,11.5112
148567,RELIANCE,Reliance Industries Ltd,Energy,11.42,1920.78,2358.55,2025-12-31,11.4211
148567,AXISBANK,Axis Bank Ltd,Banking,10.78,1543.57,1910.05,2025-12-31,10.7811
148567,BHARTIARTL,Bharti Airtel Ltd,Telecom,10.05,1732.44,5968.64,2025-12-31,10.051
148567,INDUSINDBK,IndusInd Bank Ltd,Banking,8.49,1638.77,7509.2,2025-12-31,8.4908
148568,SBIN,State Bank of India,Banking,28.61,498.31,2893.58,2025-12-31,28.6129
148568,POWERGRID,Power Grid Corporation,Utilities,17.04,1270.82,7469.46,2025-12-31,17.0417
148568,HCLTECH,HCL Technologies Ltd,IT,15.11,780.09,6804.51,2025-12-31,15.1115
148568,ULTRACEMCO,UltraTech Cement Ltd,Cement,12.75,345.42,7832.89,2025-12-31,12.7513
148568,RELIANCE,Reliance Industries Ltd,Energy,8.08,1391.82,5973.41,2025-12-31,8.0808
148568,TCS,Tata Consultancy Services,IT,6.77,1005.62,1183.81,2025-12-31,6.7707
148568,BHARTIARTL,Bharti Airtel Ltd,Telecom,6.44,1779.28,1990.0,2025-12-31,6.4406
148568,ICICIBANK,ICICI Bank Ltd,Banking,5.19,716.33,5245.19,2025-12-31,5.1905
148569,BHARTIARTL,Bharti Airtel Ltd,Telecom,25.53,832.15,5736.45,2025-12-31,25.5351
148569,ICICIBANK,ICICI Bank Ltd,Banking,14.12,152.28,428.19,2025-12-31,14.1228
148569,POWERGRID,Power Grid Corporation,Utilities,13.37,1349.35,1078.77,2025-12-31,13.3727
148569,HDFCBANK,HDFC Bank Ltd,Banking,13.02,239.29,7246.42,2025-12-31,13.0226
148569,KOTAKBANK,Kotak Mahindra Bank,Banking,12.68,1097.74,5166.81,2025-12-31,12.6825
148569,CIPLA,Cipla Ltd,Pharma,7.63,836.73,2983.88,2025-12-31,7.6315
148569,HCLTECH,HCL Technologies Ltd,IT,7.51,1604.94,7241.49,2025-12-31,7.5115
148569,TATAMOTOR,Tata Motors Ltd,Automobile,3.51,940.8,1757.42,2025-12-31,3.5107
148569,ULTRACEMCO,UltraTech Cement Ltd,Cement,2.61,100.2,2456.65,2025-12-31,2.6105
149322,DRREDDY,Dr. Reddy's Laboratories,Pharma,18.28,827.19,4418.19,2025-12-31,18.2818
149322,TITAN,Titan Company Ltd,Consumer Goods,17.77,377.91,2025.88,2025-12-31,17.7718
149322,HDFCBANK,HDFC Bank Ltd,Banking,14.66,1731.8,1285.32,2025-12-31,14.6615
149322,M&M,Mahindra & Mahindra Ltd,Automobile,11.83,421.51,5461.49,2025-12-31,11.8312
149322,LT,Larsen & Toubro Ltd,Infrastructure,10.85,1637.54,1226.98,2025-12-31,10.8511
149322,KOTAKBANK,Kotak Mahindra Bank,Banking,10.5,136.25,4506.37,2025-12-31,10.5011
149322,RELIANCE,Reliance Industries Ltd,Energy,9.43,777.89,7819.47,2025-12-31,9.4309
149322,INDUSINDBK,IndusInd Bank Ltd,Banking,3.48,1748.44,3372.6,2025-12-31,3.4803
149322,INFY,Infosys Ltd,IT,3.19,915.39,5031.45,2025-12-31,3.1903
149323,CIPLA,Cipla Ltd,Pharma,22.84,533.85,5346.17,2025-12-31,22.84
149323,NTPC,NTPC Ltd,Utilities,16.38,92.02,4127.8,2025-12-31,16.38
149323,WIPRO,Wipro Ltd,IT,15.9,516.02,4967.72,2025-12-31,15.9
149323,DIVISLAB,Divi's Laboratories,Pharma,12.54,1192.26,1276.16,2025-12-31,12.54
149323,AXISBANK,Axis Bank Ltd,Banking,8.07,1913.58,2703.69,2025-12-31,8.07
149323,ULTRACEMCO,UltraTech Cement Ltd,Cement,7.69,1811.91,5960.44,2025-12-31,7.69
149323,SUNPHARMA,Sun Pharmaceutical Industries,Pharma,5.96,1277.89,7922.62,2025-12-31,5.96
149323,MARUTI,Maruti Suzuki India Ltd,Automobile,5.35,714.26,1080.51,2025-12-31,5.35
149323,ASIANPAINT,Asian Paints Ltd,Paints,5.27,704.58,2142.27,2025-12-31,5.27
149324,BAJFINANCE,Bajaj Finance Ltd,NBFC,19.71,1576.26,1803.18,2025-12-31,19.71
149324,DRREDDY,Dr. Reddy's Laboratories,Pharma,17.19,1289.52,1556.49,2025-12-31,17.19
149324,TCS,Tata Consultancy Services,IT,13.17,1637.69,1927.89,2025-12-31,13.17
149324,DIVISLAB,Divi's Laboratories,Pharma,9.54,855.88,7453.05,2025-12-31,9.54
149324,INDUSINDBK,IndusInd Bank Ltd,Banking,7.63,1387.3,3208.86,2025-12-31,7.63
149324,RELIANCE,Reliance Industries Ltd,Energy,6.95,1478.91,2762.54,2025-12-31,6.95
149324,GRASIM,Grasim Industries Ltd,Diversified,6.77,1307.4,2911.62,2025-12-31,6.77
149324,CIPLA,Cipla Ltd,Pharma,5.79,405.18,6979.57,2025-12-31,5.79
149324,ADANIPORT,Adani Ports & SEZ Ltd,Infrastructure,5.31,663.04,7942.96,2025-12-31,5.31
149324,ICICIBANK,ICICI Bank Ltd,Banking,4.11,1707.37,3007.37,2025-12-31,4.11
149324,NTPC,NTPC Ltd,Utilities,2.04,1303.55,5797.95,2025-12-31,2.04
149324,BHARTIARTL,Bharti Airtel Ltd,Telecom,1.79,969.71,924.41,2025-12-31,1.79
